8473541,Jonathan Bernier,G,NJD
8476462,Dougie Hamilton,D,NJD
8477425,Miles Wood,L,NJD
8478421,A.J. Greer,L,NJD
8480883,Ty Smith,D,NJD
8481740,Tyce Thompson,R,NJD
8474056,P.K. Subban,D,NJD
8475193,Tomas Tatar,L,NJD
8476903,Jon Gillies,G,NJD
8476918,Jimmy Vesey,L,NJD
8476923,Damon Severson,D,NJD
8477341,Andreas Johnsson,L,NJD
8477419,Mason Geertsen,D,NJD
8477435,Ryan Graves,D,NJD
8478399,Jonas Siegenthaler,D,NJD
8478401,Pavel Zacha,C,NJD
8478406,Mackenzie Blackwood,G,NJD
8478841,Colton White,D,NJD
8478868,Christian Jaros,D,NJD
8479407,Jesper Bratt,L,NJD
8479414,Nathan Bastian,R,NJD
8479415,Michael McLeod,C,NJD
8479511,Janne Kuokkanen,C,NJD
8480002,Nico Hischier,C,NJD
8480003,Jesper Boqvist,C,NJD
8480226,Marian Studenic,R,NJD
8481068,Yegor Sharangovich,C,NJD
8481559,Jack Hughes,C,NJD
8482110,Dawson Mercer,C,NJD
8475151,Kyle Palmieri,R,NYI
8477506,Ryan Pulock,D,NYI
8465009,Zdeno Chara,D,NYI
8470610,Zach Parise,L,NYI
8472382,Andy Greene,D,NYI
8473504,Cal Clutterbuck,R,NYI
8473575,Semyon Varlamov,G,NYI
8474573,Josh Bailey,R,NYI
8474709,Matt Martin,L,NYI
8475231,Casey Cizikas,C,NYI
8475314,Anders Lee,L,NYI
8475754,Brock Nelson,C,NYI
8476419,Jean-Gabriel Pageau,C,NYI
8476429,Scott Mayfield,D,NYI
8476917,Adam Pelech,D,NYI
8477527,Ross Johnston,L,NYI
8478009,Ilya Sorokin,G,NYI
8478445,Mathew Barzal,C,NYI
8478463,Anthony Beauvillier,L,NYI
8478512,Austin Czarnik,C,NYI
8479356,Kieffer Bellows,L,NYI
8480071,Robin Salo,D,NYI
8480222,Sebastian Aho,D,NYI
8480789,Oliver Wahlstrom,R,NYI
8480865,Noah Dobson,D,NYI
8478104,Sammy Blais,L,NYR
8471817,Ryan Reaves,R,NYR
8475184,Chris Kreider,L,NYR
8475735,Greg McKegg,C,NYR
8475747,Patrik Nemeth,D,NYR
8475797,Jarred Tinordi,D,NYR
8476458,Ryan Strome,C,NYR
8476459,Mika Zibanejad,C,NYR
8476624,Barclay Goodrow,C,NYR
8476885,Jacob Trouba,D,NYR
8478048,Igor Shesterkin,G,NYR
8478211,Dryden Hunt,L,NYR
8478550,Artemi Panarin,L,NYR
8479291,Kevin Rooney,C,NYR
8479323,Adam Fox,D,NYR
8479324,Ryan Lindgren,D,NYR
8479328,Julien Gauthier,R,NYR
8479333,Libor Hajek,D,NYR
8480078,Filip Chytil,C,NYR
8480382,Alexandar Georgiev,G,NYR
8480817,K'Andre Miller,D,NYR
8481554,Kaapo Kakko,R,NYR
8482073,Braden Schneider,D,NYR
8482109,Alexis Lafrenière,L,NYR
8470775,Nate Thompson,C,PHI
8473544,Derick Brassard,C,PHI
8475176,Ryan Ellis,D,PHI
8475763,Kevin Hayes,C,PHI
8476461,Sean Couturier,C,PHI
8477887,Patrick Brown,C,PHI
8479550,Tanner Laczynski,C,PHI
8480797,Joel Farabee,L,PHI
8471735,Keith Yandle,D,PHI
8473512,Claude Giroux,C,PHI
8474027,Justin Braun,D,PHI
8474037,James van Riemsdyk,L,PHI
8474715,Cam Atkinson,R,PHI
8474889,Martin Jones,G,PHI
8475246,Kevin Connauton,D,PHI
8476372,Nick Seeler,D,PHI
8476872,Scott Laughton,C,PHI
8477499,Rasmus Ristolainen,D,PHI
8477948,Travis Sanheim,D,PHI
8478051,Max Willman,C,PHI
8478067,Oskar Lindblom,L,PHI
8478439,Travis Konecny,R,PHI
8478500,Ivan Provorov,D,PHI
8479322,Wade Allison,R,PHI
8479394,Carter Hart,G,PHI
8479772,Zack MacEwen,C,PHI
8479933,Gerry Mayhew,C,PHI
8480028,Morgan Frost,C,PHI
8481546,Cam York,D,PHI
8482654,Jackson Cates,C,PHI
8475722,Jason Zucker,L,PIT
8475839,Louis Domingue,G,PIT
8482055,Drew O'Connor,L,PIT
8478074,Anthony Angello,R,PIT
8479512,Kasper Bjorkqvist,R,PIT
8480842,Filip Hallander,C,PIT
8470604,Jeff Carter,C,PIT
8470619,Brian Boyle,C,PIT
8471215,Evgeni Malkin,C,PIT
8471675,Sidney Crosby,C,PIT
8471724,Kris Letang,D,PIT
8475208,Brian Dumoulin,D,PIT
8475810,Bryan Rust,R,PIT
8476875,Mike Matheson,D,PIT
8476927,Teddy Blueger,C,PIT
8476934,Brock McGinn,L,PIT
8477244,Chad Ruhwedel,D,PIT
8477404,Jake Guentzel,L,PIT
8477465,Tristan Jarry,G,PIT
8477953,Kasperi Kapanen,R,PIT
8477969,Marcus Pettersson,D,PIT
8478017,Mark Friedman,D,PIT
8478046,Danton Heinen,L,PIT
8478507,John Marino,D,PIT
8478542,Evan Rodrigues,C,PIT
8478866,Dominik Simon,C,PIT
8479193,Casey DeSmith,G,PIT
8479944,Zach Aston-Reese,L,PIT
8482241,Radim Zohorna,L,PIT
8475186,John Moore,D,BOS
8478415,Jakub Zboril,D,BOS
8479365,Trent Frederic,C,BOS
8470638,Patrice Bergeron,C,BOS
8471695,Tuukka Rask,G,BOS
8473419,Brad Marchand,L,BOS
8473422,Nick Foligno,L,BOS
8475225,Craig Smith,C,BOS
8475287,Erik Haula,L,BOS
8475745,Charlie Coyle,C,BOS
8475762,Derek Forbort,D,BOS
8475791,Taylor Hall,L,BOS
8476422,Mike Reilly,D,BOS
8476891,Matt Grzelcyk,D,BOS
8476999,Linus Ullmark,G,BOS
8477320,Anton Blidh,L,BOS
8477365,Connor Clifton,D,BOS
8477508,Curtis Lazar,C,BOS
8477931,Tomas Nosek,L,BOS
8477956,David Pastrnak,R,BOS
8478443,Brandon Carlo,D,BOS
8478498,Jake DeBrusk,L,BOS
8479325,Charlie McAvoy,D,BOS
8467950,Craig Anderson,G,BUF
8473449,Kyle Okposo,R,BUF
8476525,Colin Miller,D,BUF
8476878,Zemgus Girgensons,L,BUF
8476994,Vinnie Hinostroza,C,BUF
8479465,Drake Caggiula,C,BUF
8479999,Casey Mittelstadt,C,BUF
8480045,Ukko-Pekka Luukkonen,G,BUF
8474682,Dustin Tokarski,G,BUF
8475236,Cody Eakin,C,BUF
8475784,Jeff Skinner,L,BUF
8475796,Mark Pysyk,D,BUF
8475920,Michael Houser,G,BUF
8476873,Mark Jankowski,C,BUF
8476876,Malcolm Subban,G,BUF
8477180,Aaron Dell,G,BUF
8477355,Will Butcher,D,BUF
8477401,John Hayden,C,BUF
8477462,Robert Hagg,D,BUF
8477949,Alex Tuch,R,BUF
8478075,Anders Bjork,L,BUF
8478109,Victor Olofsson,L,BUF
8479335,Rasmus Asplund,C,BUF
8479420,Tage Thompson,R,BUF
8480035,Henri Jokiharju,D,BUF
8480196,Jacob Bryson,D,BUF
8480807,Mattias Samuelsson,D,BUF
8480839,Rasmus Dahlin,D,BUF
8481522,Peyton Krebs,C,BUF
8481528,Dylan Cozens,C,BUF
8482097,Jack Quinn,R,BUF
8473618,Mathieu Perreault,C,MTL
8474596,Jake Allen,G,MTL
8475848,Brendan Gallagher,R,MTL
8476441,Joel Edmundson,D,MTL
8477494,Jonathan Drouin,L,MTL
8470642,Shea Weber,D,MTL
8471679,Carey Price,G,MTL
8474038,Paul Byron,L,MTL
8476469,Joel Armia,R,MTL
8478838,Lukas Vejdemo,C,MTL
8481461,Corey Schueneman,D,MTL
8481540,Cole Caufield,R,MTL
8473507,Jeff Petry,D,MTL
8474884,Mike Hoffman,C,MTL
8475227,Chris Wideman,D,MTL
8475233,David Savard,D,MTL
8475279,Ben Chiarot,D,MTL
8475726,Tyler Toffoli,R,MTL
8476967,Brett Kulak,D,MTL
8476975,Cedric Paquette,C,MTL
8476981,Josh Anderson,R,MTL
8477460,Laurent Dauphin,C,MTL
8477476,Artturi Lehkonen,L,MTL
8477989,Christian Dvorak,L,MTL
8478133,Jake Evans,C,MTL
8478470,Sam Montembeault,G,MTL
8478915,Sami Niku,D,MTL
8478933,Michael McNiven,G,MTL
8479348,Kale Clague,D,MTL
8479514,Rem Pitlick,C,MTL
8479543,Michael Pezzetta,L,MTL
8480018,Nick Suzuki,C,MTL
8480051,Cayden Primeau,G,MTL
8480068,Ryan Poehling,C,MTL
8481014,Alexander Romanov,D,MTL
8477015,Connor Brown,R,OTT
8478400,Colin White,C,OTT
8479458,Nikita Zaitsev,D,OTT
8481596,Shane Pinto,C,OTT
8474207,Nick Holden,D,OTT
8474589,Tyler Ennis,R,OTT
8475766,Austin Watson,L,OTT
8476341,Anton Forsberg,G,OTT
8476899,Matt Murray,G,OTT
8476919,Chris Tierney,C,OTT
8477384,Josh Brown,D,OTT
8477426,Nick Paul,L,OTT
8477482,Zach Sanford,L,OTT
8478469,Thomas Chabot,D,OTT
8478874,Adam Gaudette,C,OTT
8479376,Victor Mete,D,OTT
8479580,Dylan Gambrell,C,OTT
8480029,Alex Formenton,L,OTT
8480064,Josh Norris,C,OTT
8480073,Erik Brannstrom,D,OTT
8480208,Drake Batherson,R,OTT
8480801,Brady Tkachuk,L,OTT
8482116,Tim Stützle,L,OTT
8482245,Artem Zub,D,OTT
8469455,Jason Spezza,C,TOR
8474162,Jake Muzzin,D,TOR
8474190,Wayne Simmonds,R,TOR
8474673,TJ Brodie,D,TOR
8475166,John Tavares,C,TOR
8475718,Justin Holl,D,TOR
8475789,Jack Campbell,G,TOR
8475852,Petr Mrazek,G,TOR
8476853,Morgan Rielly,D,TOR
8477021,Alexander Kerfoot,C,TOR
8477472,Carl Dahlstrom,D,TOR
8477939,William Nylander,R,TOR
8478047,Michael Bunting,L,TOR
8478115,Pierre Engvall,L,TOR
8478131,Ondrej Kase,R,TOR
8478408,Travis Dermott,D,TOR
8478483,Mitchell Marner,R,TOR
8479315,Joey Anderson,R,TOR
8479318,Auston Matthews,C,TOR
8480043,Timothy Liljegren,D,TOR
8480144,David Kampf,C,TOR
8480873,Rasmus Sandin,D,TOR
8481624,Ilya Mikheyev,R,TOR
8473533,Jordan Staal,C,CAR
8474013,Ian Cole,D,CAR
8474090,Brendan Smith,D,CAR
8474613,Derek Stepan,C,CAR
8475799,Nino Niederreiter,R,CAR
8475855,Jesper Fast,R,CAR
8475883,Frederik Andersen,G,CAR
8476389,Vincent Trocheck,C,CAR
8476869,Brady Skjei,D,CAR
8476882,Teuvo Teravainen,L,CAR
8476958,Jaccob Slavin,D,CAR
8477293,Antti Raanta,G,CAR
8477488,Brett Pesce,D,CAR
8477950,Tony DeAngelo,D,CAR
8478427,Sebastian Aho,C,CAR
8478451,Ethan Bear,D,CAR
8478904,Steven Lorentz,C,CAR
8480039,Martin Necas,C,CAR
8480829,Jesperi Kotkaniemi,C,CAR
8480830,Andrei Svechnikov,R,CAR
8482093,Seth Jarvis,C,CAR
8478569,Noel Acciari,C,FLA
8478906,Markus Nutivaara,D,FLA
8479355,Olli Juolevi,D,FLA
8480037,Aleksi Heponiemi,C,FLA
8466138,Joe Thornton,C,FLA
8471887,Patric Hornqvist,R,FLA
8475462,Radko Gudas,D,FLA
8475683,Sergei Bobrovsky,G,FLA
8476456,Jonathan Huberdeau,L,FLA
8477346,MacKenzie Weegar,D,FLA
8477407,Anthony Duclair,L,FLA
8477409,Carter Verhaeghe,C,FLA
8477493,Aleksander Barkov,C,FLA
8477932,Aaron Ekblad,D,FLA
8477933,Sam Reinhart,C,FLA
8477935,Sam Bennett,C,FLA
8477986,Brandon Montour,D,FLA
8478366,Frank Vatrano,C,FLA
8478975,Mason Marchment,L,FLA
8479066,Ryan Lomberg,L,FLA
8479523,Lucas Carlsson,D,FLA
8479553,Maxim Mamin,C,FLA
8480015,Owen Tippett,R,FLA
8480185,Eetu Luostarinen,C,FLA
8481519,Spencer Knight,G,FLA
8482113,Anton Lundell,C,FLA
8474567,Zach Bogosian,D,TBL
8476368,Fredrik Claesson,D,TBL
8476948,Charles Hudon,L,TBL
8477205,Andrej Sustr,D,TBL
8478069,Daniel Walcott,L,TBL
8470621,Corey Perry,R,TBL
8470880,Brian Elliott,G,TBL
8473986,Alex Killorn,L,TBL
8474034,Pat Maroon,L,TBL
8474151,Ryan McDonagh,D,TBL
8474564,Steven Stamkos,C,TBL
8475167,Victor Hedman,D,TBL
8476292,Ondrej Palat,L,TBL
8476453,Nikita Kucherov,R,TBL
8476883,Andrei Vasilevskiy,G,TBL
8477930,Pierre-Edouard Bellemare,L,TBL
8478010,Brayden Point,C,TBL
8478416,Erik Cernak,D,TBL
8478472,Mathieu Joseph,R,TBL
8478519,Anthony Cirelli,C,TBL
8479383,Boris Katchouk,L,TBL
8479390,Taylor Raddysh,R,TBL
8479410,Mikhail Sergachev,D,TBL
8479525,Ross Colton,C,TBL
8479984,Cal Foote,D,TBL
8480172,Jan Rutta,D,TBL
8471698,T.J. Oshie,R,WSH
8475958,Michael Sgarbossa,C,WSH
8471214,Alex Ovechkin,L,WSH
8473563,Nicklas Backstrom,C,WSH
8474176,Carl Hagelin,L,WSH
8474189,Lars Eller,C,WSH
8474602,Justin Schultz,D,WSH
8475200,Dmitry Orlov,D,WSH
8475324,Nick Jensen,D,WSH
8475343,Nic Dowd,C,WSH
8475625,Matt Irwin,D,WSH
8475744,Evgeny Kuznetsov,C,WSH
8476880,Tom Wilson,R,WSH
8477839,Conor Sheary,L,WSH
8477845,Trevor van Riemsdyk,D,WSH
8477903,Garnet Hathaway,R,WSH
8477970,Vitek Vanecek,G,WSH
8478466,Daniel Sprong,R,WSH
8478492,Ilya Samsonov,G,WSH
8479395,Dennis Cholowski,D,WSH
8479482,Michal Kempny,D,WSH
8480796,Martin Fehervary,D,WSH
8481517,Brett Leason,R,WSH
8481580,Connor McMichael,C,WSH
8481656,Aliaksei Protas,C,WSH
8474870,Tyler Johnson,C,CHI
8476915,Jujhar Khaira,L,CHI
8479388,Riley Stillman,D,CHI
8480947,Kevin Lankinen,G,CHI
8481147,Reese Johnson,C,CHI
8482528,Cale Morris,G,CHI
8470594,Marc-Andre Fleury,G,CHI
8473604,Jonathan Toews,C,CHI
8474141,Patrick Kane,R,CHI
8475177,Calvin de Haan,D,CHI
8475792,Brett Connolly,R,CHI
8476473,Connor Murphy,D,CHI
8476931,Jake McCabe,D,CHI
8476979,Erik Gustafsson,D,CHI
8477330,Dominik Kubalik,L,CHI
8477495,Seth Jones,D,CHI
8477846,Ryan Carpenter,C,CHI
8478043,Sam Lafferty,C,CHI
8478440,Dylan Strome,C,CHI
8478452,Caleb Jones,D,CHI
8479337,Alex DeBrincat,L,CHI
8479404,Henrik Borgstrom,C,CHI
8479542,Brandon Hagel,L,CHI
8480025,MacKenzie Entwistle,R,CHI
8480293,Wyatt Kalynuk,D,CHI
8480798,Philipp Kurashev,C,CHI
8481523,Kirby Dach,C,CHI
8482821,Arvid Soderblom,G,CHI
8477003,Riley Barber,R,DET
8477240,Carter Rowney,C,DET
8477944,Jakub Vrana,L,DET
8478477,Mitchell Stephens,C,DET
8479442,Troy Stecher,D,DET
8475717,Calvin Pickard,G,DET
8471306,Thomas Greiss,G,DET
8471686,Marc Staal,D,DET
8474040,Sam Gagner,C,DET
8475181,Nick Leddy,D,DET
8476480,Vladislav Namestnikov,C,DET
8476966,Gemel Smith,C,DET
8477215,Danny DeKeyser,D,DET
8477454,Adam Erne,L,DET
8477479,Tyler Bertuzzi,L,DET
8477851,Jordan Oesterle,D,DET
8477946,Dylan Larkin,C,DET
8477952,Robby Fabbri,C,DET
8477968,Alex Nedeljkovic,G,DET
8479379,Givani Smith,R,DET
8479425,Filip Hronek,D,DET
8479992,Michael Rasmussen,C,DET
8480184,Gustav Lindstrom,D,DET
8480459,Pius Suter,C,DET
8480813,Joe Veleno,C,DET
8480821,Filip Zadina,R,DET
8481542,Moritz Seider,D,DET
8482078,Lucas Raymond,L,DET
8479371,Dante Fabbro,D,NSH
8474600,Roman Josi,D,NSH
8474697,Mark Borowiecki,D,NSH
8475168,Matt Duchene,C,NSH
8475218,Mattias Ekholm,D,NSH
8475793,Ryan Johansen,C,NSH
8475798,Mikael Granlund,C,NSH
8476393,Nick Cousins,C,NSH
8476887,Filip Forsberg,L,NSH
8476925,Colton Sissons,C,NSH
8476988,Matt Benning,D,NSH
8477424,Juuse Saros,G,NSH
8477433,Ben Harpur,D,NSH
8477446,Michael McCarron,R,NSH
8478508,Yakov Trenin,C,NSH
8478851,Alexandre Carrier,D,NSH
8479026,Philippe Myers,D,NSH
8479316,Luke Kunin,C,NSH
8479496,David Rittich,G,NSH
8479661,Tanner Jeannot,L,NSH
8480009,Eeli Tolvanen,R,NSH
8481577,Philip Tomasino,C,NSH
8471707,James Neal,L,STL
8478057,Dakota Joshua,C,STL
8480281,Alexei Toropchenko,R,STL
8474102,David Perron,L,STL
8474145,Robert Bortuzzo,D,STL
8474618,Marco Scandella,D,STL
8475098,Tyler Bozak,C,STL
8475158,Ryan O'Reilly,C,STL
8475170,Brayden Schenn,C,STL
8475753,Justin Faulk,D,STL
8475765,Vladimir Tarasenko,R,STL
8476412,Jordan Binnington,G,STL
8476438,Brandon Saad,L,STL
8476792,Torey Krug,D,STL
8476892,Colton Parayko,D,STL
8476897,Oskar Sundqvist,C,STL
8477402,Pavel Buchnevich,L,STL
8477964,Ivan Barbashev,C,STL
8478013,Jake Walman,D,STL
8478024,Ville Husso,G,STL
8478859,Niko Mikkola,D,STL
8479366,Logan Brown,C,STL
8479385,Jordan Kyrou,C,STL
8480011,Klim Kostin,C,STL
8480023,Robert Thomas,C,STL
8481059,Scott Perunovich,D,STL
8482244,Johannes Kinnvall,D,CGY
8470755,Brad Richardson,R,CGY
8473453,Trevor Lewis,C,CGY
8473473,Milan Lucic,L,CGY
8474150,Mikael Backlund,C,CGY
8474593,Jacob Markstrom,G,CGY
8474628,Michael Stone,D,CGY
8475690,Christopher Tanev,D,CGY
8475752,Tyler Pitlick,C,CGY
8475790,Erik Gudbranson,D,CGY
8476346,Johnny Gaudreau,L,CGY
8476399,Blake Coleman,C,CGY
8476439,Brett Ritchie,R,CGY
8477496,Elias Lindholm,C,CGY
8477497,Sean Monahan,C,CGY
8477507,Nikita Zadorov,D,CGY
8478233,Andrew Mangiapane,L,CGY
8478396,Noah Hanifin,D,CGY
8478397,Rasmus Andersson,D,CGY
8478430,Oliver Kylington,D,CGY
8478435,Dan Vladar,G,CGY
8479314,Matthew Tkachuk,L,CGY
8479346,Dillon Dube,C,CGY
8480008,Adam Ruzicka,C,CGY
8471794,Darren Helm,C,COL
8476870,Stefan Matteau,C,COL
8479439,Jacob MacDonald,D,COL
8480913,Jordan Gross,D,COL
8482111,Justin Barron,D,COL
8471677,Jack Johnson,D,COL
8473446,Erik Johnson,D,COL
8475172,Nazem Kadri,C,COL
8475311,Darcy Kuemper,G,COL
8476455,Gabriel Landeskog,L,COL
8476850,Ryan Murray,D,COL
8477073,Kurtis MacDermid,D,COL
8477444,Andre Burakovsky,L,COL
8477456,J.T. Compher,L,COL
8477492,Nathan MacKinnon,C,COL
8477501,Valeri Nichushkin,R,COL
8477979,Nicolas Aube-Kubel,R,COL
8478038,Devon Toews,D,COL
8478420,Mikko Rantanen,R,COL
8479370,Tyson Jost,C,COL
8479398,Samuel Girard,D,COL
8479573,Mikhail Maltsev,L,COL
8480069,Cale Makar,D,COL
8480925,Pavel Francouz,G,COL
8481186,Logan O'Connor,R,COL
8481524,Bowen Byram,D,COL
8481618,Alex Newhook,C,COL
8469608,Mike Smith,G,EDM
8476454,Ryan Nugent-Hopkins,C,EDM
8475786,Zach Hyman,L,EDM
8476495,Seth Griffith,C,EDM
8478021,William Lagesson,D,EDM
8481709,Ilya Konovalov,G,EDM
8470281,Duncan Keith,D,EDM
8471729,Kris Russell,D,EDM
8474068,Kyle Turris,C,EDM
8474098,Colton Sceviour,C,EDM
8475156,Mikko Koskinen,G,EDM
8475178,Zack Kassian,R,EDM
8475197,Tyson Barrie,D,EDM
8476879,Cody Ceci,D,EDM
8476886,Slater Koekkoek,D,EDM
8476913,Devin Shore,C,EDM
8477498,Darnell Nurse,D,EDM
8477934,Leon Draisaitl,C,EDM
8477943,Brendan Perlini,L,EDM
8477998,Warren Foegele,L,EDM
8478402,Connor McDavid,C,EDM
8478585,Derek Ryan,C,EDM
8479344,Jesse Puljujarvi,R,EDM
8479347,Tyler Benson,L,EDM
8479973,Stuart Skinner,G,EDM
8479977,Kailer Yamamoto,R,EDM
8480802,Ryan McLeod,C,EDM
8480803,Evan Bouchard,D,EDM
8474612,Travis Hamonic,D,VAN
8478465,Guillaume Brisebois,D,VAN
8477474,Madison Bowey,D,VAN
8474568,Luke Schenn,D,VAN
8474574,Tyler Myers,D,VAN
8475163,Alex Chiasson,R,VAN
8475171,Oliver Ekman-Larsson,D,VAN
8475413,Justin Dowling,C,VAN
8476779,Brad Hunt,D,VAN
8476871,Tanner Pearson,L,VAN
8477335,Kyle Burroughs,D,VAN
8477353,Tyler Motte,C,VAN
8477359,Tucker Poolman,D,VAN
8477450,Jason Dickinson,C,VAN
8477473,Justin Bailey,R,VAN
8477484,Spencer Martin,G,VAN
8477967,Thatcher Demko,G,VAN
8477996,Juho Lammikko,L,VAN
8478146,Matthew Highmore,C,VAN
8478444,Brock Boeser,R,VAN
8480012,Elias Pettersson,C,VAN
8480326,Sheldon Dries,C,VAN
8480800,Quinn Hughes,D,VAN
8481535,Nils Hoglander,L,VAN
8481617,Vasily Podkolzin,R,VAN
8474641,Adam Henrique,C,ANA
8477947,Sonny Milano,L,ANA
8479368,Max Jones,L,ANA
8478873,Troy Terry,R,ANA
8481122,Simon Benoit,D,ANA
8470612,Ryan Getzlaf,C,ANA
8474031,Kevin Shattenkirk,D,ANA
8474683,Derek Grant,C,ANA
8475164,Jakob Silfverberg,R,ANA
8475235,Nicolas Deslauriers,L,ANA
8475842,Sam Carrick,C,ANA
8476312,Josh Manson,D,ANA
8476434,John Gibson,G,ANA
8476483,Rickard Rakell,L,ANA
8476854,Hampus Lindholm,D,ANA
8476932,Anthony Stolarz,G,ANA
8477210,Buddy Robinson,R,ANA
8478425,Brendan Guhle,D,ANA
8479351,Sam Steel,C,ANA
8479372,Josh Mahura,D,ANA
8480031,Max Comtois,L,ANA
8480806,Isac Lundestrom,C,ANA
8481533,Trevor Zegras,C,ANA
8482142,Jamie Drysdale,D,ANA
8471418,Anton Khudobin,G,DAL
8479587,Rhett Gardner,C,DAL
8480848,Ty Dellandrea,C,DAL
8480988,Riley Damiani,C,DAL
8481581,Thomas Harley,D,DAL
8470600,Ryan Suter,D,DAL
8470794,Joe Pavelski,C,DAL
8471228,Alexander Radulov,R,DAL
8471284,Andrej Sekera,D,DAL
8473994,Jamie Benn,L,DAL
8474651,Braden Holtby,G,DAL
8475794,Tyler Seguin,C,DAL
8475825,Jani Hakanpaa,D,DAL
8475906,John Klingberg,D,DAL
8476822,Luke Glendening,C,DAL
8476889,Radek Faksa,C,DAL
8476902,Esa Lindell,D,DAL
8477290,Michael Raffl,L,DAL
8477810,Joel Hanley,D,DAL
8478449,Roope Hintz,L,DAL
8478495,Denis Gurianov,R,DAL
8479979,Jake Oettinger,G,DAL
8480027,Jason Robertson,L,DAL
8480036,Miro Heiskanen,D,DAL
8480216,Jacob Peterson,C,DAL
8481641,Joel Kiviranta,L,DAL
8471303,Alexander Edler,D,LAK
8476960,Andreas Athanasiou,C,LAK
8480072,Lias Andersson,C,LAK
8480336,Sean Walker,D,LAK
8476343,Garret Sparks,G,LAK
8479421,Jacob Moverare,D,LAK
8470606,Dustin Brown,R,LAK
8471685,Anze Kopitar,C,LAK
8471734,Jonathan Quick,G,LAK
8474563,Drew Doughty,D,LAK
8476479,Phillip Danault,C,LAK
8476874,Olli Maatta,D,LAK
8477361,Cal Petersen,G,LAK
8477960,Adrian Kempe,C,LAK
8477962,Brendan Lemieux,L,LAK
8478042,Viktor Arvidsson,L,LAK
8478911,Matt Roy,D,LAK
8479336,Carl Grundstrom,R,LAK
8479675,Trevor Moore,C,LAK
8479998,Mikey Anderson,D,LAK
8480113,Alex Iafallo,L,LAK
8480434,Sean Durzi,D,LAK
8480845,Rasmus Kupari,C,LAK
8481481,Blake Lizotte,C,LAK
8481560,Arthur Kaliyev,R,LAK
8481600,Tobias Bjornfot,D,LAK
8478099,Kevin Labanc,R,SJS
8478136,Jacob Middleton,D,SJS
8479981,Jonah Gadjovich,L,SJS
8470613,Brent Burns,D,SJS
8471699,Andrew Cogliano,C,SJS
8471709,Marc-Edouard Vlasic,D,SJS
8473503,James Reimer,G,SJS
8474009,Nick Bonino,C,SJS
8474053,Logan Couture,C,SJS
8474578,Erik Karlsson,D,SJS
8476442,Matt Nieto,L,SJS
8476881,Tomas Hertl,C,SJS
8477034,Jaycob Megna,D,SJS
8478414,Timo Meier,R,SJS
8478467,Nicolas Meloche,D,SJS
8478499,Adin Hill,G,SJS
8478967,Lane Pederson,C,SJS
8479373,Jonathan Dahlen,C,SJS
8479393,Noah Gregor,C,SJS
8479705,Jeffrey Viel,L,SJS
8479983,Mario Ferraro,D,SJS
8480160,Radim Simek,D,SJS
8480847,Ryan Merkley,D,SJS
8481061,Jasper Weatherby,C,SJS
8482197,Adam Raska,R,SJS
8482222,Alexander Barabanov,L,SJS
8479941,Justin Danforth,R,CBJ
8480193,Daniil Tarasov,G,CBJ
8481161,Jake Christiansen,D,CBJ
8474161,Jakub Voracek,R,CBJ
8474679,Gustav Nyquist,C,CBJ
8476374,Sean Kuraly,C,CBJ
8476432,Boone Jenner,C,CBJ
8476914,Joonas Korpisalo,G,CBJ
8477416,Oliver Bjorkstrand,R,CBJ
8477503,Max Domi,C,CBJ
8478007,Elvis Merzlikins,G,CBJ
8478458,Jack Roslovic,C,CBJ
8478460,Zach Werenski,D,CBJ
8478506,Gabriel Carlsson,D,CBJ
8478567,Dean Kukan,D,CBJ
8478882,Vladislav Gavrikov,D,CBJ
8479339,Patrik Laine,L,CBJ
8479369,Andrew Peeke,D,CBJ
8479402,Jake Bean,D,CBJ
8479945,Gavin Bayreuther,D,CBJ
8480074,Alexandre Texier,C,CBJ
8480205,Emil Bemstrom,C,CBJ
8480762,Eric Robinson,L,CBJ
8482475,Yegor Chinakhov,R,CBJ
8482705,Cole Sillinger,C,CBJ
8476463,Jonas Brodin,D,MIN
8477202,Andrew Hammond,G,MIN
8477814,Kevin Czuczman,D,MIN
8480884,Calen Addison,D,MIN
8471274,Alex Goligoski,D,MIN
8474716,Jared Spurgeon,D,MIN
8474818,Jordie Benn,D,MIN
8475179,Dmitry Kulikov,D,MIN
8475220,Marcus Foligno,L,MIN
8475660,Cam Talbot,G,MIN
8475692,Mats Zuccarello,R,MIN
8475750,Jon Merrill,D,MIN
8475760,Nick Bjugstad,C,MIN
8476437,Victor Rask,C,MIN
8476856,Matt Dumba,D,MIN
8477451,Ryan Hartman,R,MIN
8477919,Frederick Gaudreau,C,MIN
8477942,Kevin Fiala,L,MIN
8478039,Kaapo Kahkonen,G,MIN
8478413,Jordan Greenway,L,MIN
8478493,Joel Eriksson Ek,C,MIN
8478864,Kirill Kaprizov,L,MIN
8479520,Brandon Duhaime,R,MIN
8480980,Connor Dewar,C,MIN
8481477,Nico Sturm,C,MIN
8481557,Matt Boldy,L,MIN
8473412,Bryan Little,C,WPG
8477940,Nikolaj Ehlers,L,WPG
8478058,CJ Suess,L,WPG
8481019,David Gustafsson,C,WPG
8478031,Nelson Nogier,D,WPG
8481572,Ville Heinola,D,WPG
8471218,Blake Wheeler,R,WPG
8471669,Paul Stastny,C,WPG
8475455,Brenden Dillon,D,WPG
8476331,Dylan DeMelo,D,WPG
8476392,Adam Lowry,C,WPG
8476460,Mark Scheifele,C,WPG
8476470,Nathan Beaulieu,D,WPG
8476945,Connor Hellebuyck,G,WPG
8476952,Dominic Toninato,C,WPG
8477220,Nate Schmidt,D,WPG
8477429,Andrew Copp,C,WPG
8477504,Josh Morrissey,D,WPG
8478040,Austin Poganski,R,WPG
8478398,Kyle Connor,L,WPG
8478424,Jansen Harkins,C,WPG
8478431,Evgeny Svechnikov,L,WPG
8479378,Logan Stanley,D,WPG
8479400,Pierre-Luc Dubois,L,WPG
8479574,Mikhail Berdin,G,WPG
8480005,Kristian Vesalainen,L,WPG
8480049,Dylan Samberg,D,WPG
8480145,Neal Pionk,D,WPG
8482149,Cole Perfetti,C,WPG
8474291,Jay Beagle,C,ARI
8475622,Carter Hutton,G,ARI
8476436,Dmitrij Jaskin,R,ARI
8479982,Conor Timmins,D,ARI
8480849,Barrett Hayton,C,ARI
8479341,Cam Dineen,D,ARI
8470626,Loui Eriksson,L,ARI
8471217,Andrew Ladd,L,ARI
8471873,Anton Stralman,D,ARI
8473548,Phil Kessel,R,ARI
8474062,Riley Nash,C,ARI
8474849,Antoine Roussel,L,ARI
8475728,Johan Larsson,L,ARI
8475809,Scott Wedgewood,G,ARI
8476288,Ryan Dzingel,C,ARI
8476329,Travis Boyd,C,ARI
8476851,Alex Galchenyuk,C,ARI
8476906,Shayne Gostisbehere,D,ARI
8477070,Liam O'Brien,C,ARI
8477951,Nick Schmaltz,C,ARI
8478062,Dysin Mayo,D,ARI
8478432,Christian Fischer,R,ARI
8478474,Lawson Crouse,L,ARI
8478476,Kyle Capobianco,D,ARI
8478872,Karel Vejmelka,G,ARI
8479343,Clayton Keller,R,ARI
8479345,Jakob Chychrun,D,ARI
8480950,Ilya Lyubushkin,D,ARI
8482655,Janis Moser,D,ARI
8474157,Max Pacioretty,L,VGK
8474166,Alec Martinez,D,VGK
8478403,Jack Eichel,C,VGK
8479980,Nicolas Hague,D,VGK
8475913,Mark Stone,R,VGK
8480313,Logan Thompson,G,VGK
8474149,Evgenii Dadonov,R,VGK
8474565,Alex Pietrangelo,D,VGK
8475188,Brayden McNabb,D,VGK
8475191,Reilly Smith,R,VGK
8475215,Robin Lehner,G,VGK
8476316,Laurent Brossoit,G,VGK
8476448,William Karlsson,C,VGK
8476539,Jonathan Marchessault,C,VGK
8476905,Chandler Stephenson,C,VGK
8477018,Ben Hutton,D,VGK
8477406,Mattias Janmark,C,VGK
8477447,Shea Theodore,D,VGK
8477478,William Carrier,L,VGK
8478020,Michael Amadio,C,VGK
8478434,Keegan Kolesar,R,VGK
8478462,Nicolas Roy,C,VGK
8479353,Brett Howden,C,VGK
8479639,Dylan Coghlan,D,VGK
8479974,Nolan Patrick,C,VGK
8480727,Zach Whitecloud,D,VGK
8475768,Jaden Schwartz,C,SEA
8479293,Brandon Tanev,L,SEA
8476904,Chris Driedger,G,SEA
8479986,Kole Lind,R,SEA
8470966,Mark Giordano,D,SEA
8474586,Jordan Eberle,R,SEA
8475149,Marcus Johansson,L,SEA
8475714,Calle Jarnkrok,C,SEA
8475772,Riley Sheahan,C,SEA
8475820,Joonas Donskoi,R,SEA
8475831,Philipp Grubauer,G,SEA
8476278,Colin Blackwell,C,SEA
8476457,Adam Larsson,D,SEA
8476467,Jamie Oleksiak,D,SEA
8476826,Yanni Gourde,C,SEA
8477369,Carson Soucy,D,SEA
8477505,Alex Wennberg,C,SEA
8477938,Haydn Fleury,D,SEA
8477955,Jared McCann,L,SEA
8477987,Ryan Donato,C,SEA
8478407,Vince Dunn,D,SEA
8478468,Jeremy Lauzon,D,SEA
8478840,Will Borgen,D,SEA
8478891,Mason Appleton,C,SEA
8478916,Joey Daccord,G,SEA
8479987,Morgan Geekie,C,SEA
8480901,Karson Kuhlman,C,SEA
